studyID,lineID,varName,operationalisation,Coder 1,Coder 2,coder 3 (consensus with 3rd coder),study_category,varName1,t0_n1,t0_mean1,t0_sd1,t1_n1,t1_mean1,t1_sd1,varName2,t0_n2,t0_mean2,t0_sd2,t1_n2,t1_mean2,t1_sd2,p,EMAIL,t,d,etasq,comments
davis2008,1,lower body strength ABSOLUTE,1RM,strength,strength,strength,2,R&Ae&D,12.00,36.3,12.6,12.00,35.6,12.1,Ae&D,11.00,3.3,6.5,11.00,31.00,8.4,,,,,,
davis2008,2,upperbody strength  ABSOLUTE,1RM,strength,strength,strength,2,R&Ae&D,12.00,33.2,12.4,12.00,33.1,11.2,Ae&D,11.00,29.5,13.00,11.00,30.9,14.1,,,,,,
davis2008,3,lower body strength  RELATIVE,1RM,strength,strength,strength,2,R&Ae&D,12.00,0.35,0.11,12.00,0.38,1.00,Ae&D,11.00,0.35,0.08,11.00,0.36,0.11,,,,,,
davis2008,4,upperbody strength  RELATIVE,1RM,strength,strength,strength,2,R&Ae&D,12.00,0.33,12.6,12.00,0.36,0.12,Ae&D,11.00,0.32,6.5,11.00,0.36,0.16,,,,,,
davis2008,5,confidence regarding the ability to be  physical activity when tired,Marcus et al 1992 ,self-efficacy,self-efficacy,self-efficacy,2,R&Ae&D,13.00,2.31,1.00,13.00,3.00,1.2,Ae&D,13.00,2.54,0.88,13.00,2.62,1.2,,,,,,
davis2008,6,confidence regarding the ability to be physical activity when in bad mood,Marcus et al 1992 ,self-efficacy,self-efficacy,self-efficacy,2,R&Ae&D,13.00,3.08,1.2,13.00,3.38,1.3,Ae&D,13.00,3.46,1.4,13.00,3.00,1.3,,,,,,
davis2008,7,confidence regarding the ability to be  physical activity when low on time,Marcus et al 1992 ,self-efficacy,self-efficacy,self-efficacy,2,R&Ae&D,13.00,2.69,0.86,13.00,2.62,1.3,Ae&D,13.00,2.69,1.00,13.00,2.69,1.3,,,,,,
davis2008,8,confidence regarding the ability to be physical activity whenon vacation,Marcus et al 1992 ,self-efficacy,self-efficacy,self-efficacy,2,R&Ae&D,13.00,3.31,0.95,13.00,3.31,1.4,Ae&D,13.00,3.38,1.3,13.00,3.23,1.4,,,,,,
davis2008,9,confidence regarding the ability to be  physical activity during bad weather,Marcus et al 1992 ,self-efficacy,self-efficacy,self-efficacy,2,R&Ae&D,13.00,2.77,1.2,13.00,3.08,1.4,Ae&D,13.00,3.23,1.2,13.00,3.31,1.00,,,,,,
davis2008,10,confidence regarding the ability to be physical activity when experiencing negative emotions,Marcus et al 1992 ,self-efficacy,self-efficacy,self-efficacy,2,R&Ae&D,13.00,16.8,11.8,13.00,23.1,9.8,Ae&D,13.00,20.4,10.5,13.00,22.5,11.3,,,,,,
davis2008,11,confidence regarding the ability to be physical activity when limited availability,Marcus et al 1992 ,self-efficacy,self-efficacy,self-efficacy,2,R&Ae&D,13.00,15.2,10.7,13.00,21.8,8.9,Ae&D,13.00,17.1,8.5,13.00,20.00,9.3,,,,,,
davis2008,12,confidence regarding the ability to be physical activity experiencing social pressure,Marcus et al 1992 ,self-efficacy,self-efficacy,self-efficacy,2,R&Ae&D,13.00,19.00,10.4,13.00,25.9,7.8,Ae&D,13.00,21.1,6.9,13.00,24.7,9.7,,,,,,
davis2008,13,confidence regarding the ability to be  physical activity experiencing physical discomfort,Marcus et al 1992 ,self-efficacy,self-efficacy,self-efficacy,2,R&Ae&D,13.00,24.5,8.8,13.00,27.8,8.4,Ae&D,13.00,26.7,7.5,13.00,26.8,9.6,,,,,,
davis2008,14,confidence regarding the ability to be physical activity during positive activities,Marcus et al 1992 ,self-efficacy,self-efficacy,self-efficacy,2,R&Ae&D,13.00,22.9,9.7,13.00,27.6,7.1,Ae&D,13.00,23.8,6.9,13.00,26.5,7.00,,,,,,
davis2008,15,dietary  restraint,21/51-item eating inventory,self-regulation,(dis)inhibition,inhibition,2,R&Ae&D,13.00,8.8,4.6,13.00,16.2,3.9,Ae&D,14.00,10.6,4.3,14.00,15.9,4.5,,,,,,
davis2008,16,eating disinhibition,16/51-item eating inventory,self-regulation (inverted),(dis)inhibition,inhibition (inverted),2,R&Ae&D,13.00,8.4,2.8,13.00,5.6,2.9,Ae&D,14.00,11.00,3.6,14.00,8.6,4.4,,,,,,
davis2008,17,perceived hunger,14/51-item eating inventory,hunger,(dis)inhibition,inhibition (inverted),2,R&Ae&D,13.00,5.9,3.3,13.00,3.9,3.1,Ae&D,14.00,7.6,3.6,14.00,5.7,3.6,,,,,,
davis2008,18,outcome expectations,exercise belief questionnaire,attitude,outcomes,Outcome expectations,2,R&Ae&D,13.00,4.3,0.57,13.00,4.7,0.38,Ae&D,14.00,4.00,0.81,14.00,3.9,0.68,,,,,,
davis2008,19,psychologic outcome expectations,exercise belief questionnaire,attitude,outcomes,Outcome expectations,2,R&Ae&D,13.00,3.9,0.75,13.00,4.4,0.71,Ae&D,14.00,3.2,1.3,14.00,3.4,1.1,,,,,,
davis2008,20,body image outcome expectations,exercise belief questionnaire,attitude,outcomes,Outcome expectations,2,R&Ae&D,13.00,4.5,0.59,13.00,4.8,0.34,Ae&D,14.00,4.5,0.66,14.00,4.2,0.94,,,,,,
davis2008,21,health outcome expectations,exercise belief questionnaire,attitude,outcomes,Outcome expectations,2,R&Ae&D,13.00,4.6,0.48,13.00,4.9,0.28,Ae&D,14.00,4.6,0.58,14.00,4.6,0.62,,,,,,
davis2008,22,perceived barriers 1,exercise belief questionnaire,self-efficacy,self-efficacy,self-efficacy,2,R&Ae&D,13.00,2.9,0.61,13.00,2.7,0.69,Ae&D,14.00,2.9,0.58,14.00,2.8,0.84,,,,,,
davis2008,23,perceived barrier 1a PA- time,exercise belief questionnaire,self-efficacy,self-efficacy,self-efficacy,2,R&Ae&D,13.00,3.2,0.79,13.00,3.6,1.1,Ae&D,14.00,3.1,1.00,14.00,3.8,1.1,,,,,,
davis2008,24,perceived barrier 1b PA - effort,exercise belief questionnaire,self-efficacy,self-efficacy,self-efficacy,2,R&Ae&D,13.00,3.00,0.91,13.00,2.6,0.71,Ae&D,14.00,3.2,1.00,14.00,2.7,1.1,,,,,,
davis2008,25,perceived barrier 1c PA - obstacles,exercise belief questionnaire,self-efficacy,self-efficacy,self-efficacy,2,R&Ae&D,13.00,2.4,0.73,13.00,2.2,0.71,Ae&D,14.00,2.2,0.56,14.00,2.2,1.1,,,,,,
davis2008,26,body image  appearance evaluation,multidimensional body-self relations questionnaire,self-esteem,self-esteem,self-esteem,2,R&Ae&D,13.00,2.27,0.8,13.00,3.02,1.00,Ae&D,14.00,2.13,0.82,14.00,2.97,1.2,,,,,,
davis2008,27,body image  appearance orientation,multidimensional body-self relations questionnaire,self-esteem,self-esteem,self-esteem,2,R&Ae&D,13.00,3.32,0.63,13.00,3.46,0.68,Ae&D,14.00,3.3,0.69,14.00,3.46,0.9,,,,,,
davis2008,28,body image  fitness evaluation,multidimensional body-self relations questionnaire,self-esteem,self-esteem,self-esteem,2,R&Ae&D,13.00,3.54,0.79,13.00,3.61,1.00,Ae&D,14.00,3.45,1.1,14.00,3.55,1.00,,,,,,
davis2008,29,body image  fitness orientation,multidimensional body-self relations questionnaire,self-esteem,self-esteem,self-esteem,2,R&Ae&D,13.00,3.09,0.48,13.00,3.72,0.62,Ae&D,14.00,3.03,0.63,14.00,3.3,0.79,,,,,,
davis2008,30,body image  health evaluation,multidimensional body-self relations questionnaire,self-esteem,self-esteem,self-esteem,2,R&Ae&D,13.00,3.56,0.58,13.00,4.00,0.67,Ae&D,14.00,3.3,0.57,14.00,3.68,0.78,,,,,,
davis2008,31,body image  health orientation,multidimensional body-self relations questionnaire,self-esteem,self-esteem,self-esteem,2,R&Ae&D,13.00,3.13,0.54,13.00,3.88,0.63,Ae&D,14.00,3.33,0.58,14.00,3.72,0.55,,,,,,
davis2008,32,body image  illness orientation,multidimensional body-self relations questionnaire,self-esteem,self-esteem,self-esteem,2,R&Ae&D,13.00,3.06,0.67,13.00,3.22,0.82,Ae&D,14.00,3.07,0.93,14.00,3.36,0.6,,,,,,
davis2008,33,body image  body-areas satisfaction,multidimensional body-self relations questionnaire,self-esteem,self-esteem,self-esteem,2,R&Ae&D,13.00,2.63,0.72,13.00,3.08,0.81,Ae&D,14.00,2.45,0.69,14.00,2.88,0.94,,,,,,
davis2008,34,body image  self-classified weight,multidimensional body-self relations questionnaire,self-esteem,self-esteem,self-esteem,2,R&Ae&D,13.00,4.13,0.81,13.00,2.17,2.00,Ae&D,14.00,4.44,0.5,14.00,2.46,2.00,,,,,,
davis2008,35,body image  overweight preoccupation,multidimensional body-self relations questionnaire,self-esteem,self-esteem,self-esteem,2,R&Ae&D,13.00,2.42,0.76,13.00,3.33,0.95,Ae&D,14.00,3.25,0.9,14.00,3.86,0.88,,,,,,
davis2008,36,mindfulness,mindfulness attention awareness scale,mindfulness,self-esteem,self-esteem,2,R&Ae&D,13.00,58.9,13.9,13.00,68.3,15.1,Ae&D,14.00,59.6,10.7,14.00,64.5,11.2,,,,,,
fonzi2008,37,lower body strength ABSOLUTE,1RM,strength,strength,strength,2,R&Ae&D,14.00,34.2,12.2,14.00,33.4,11.5,Ae&D,17.00,29.6,8.1,17.00,30.6,9.9,,,,,,
fonzi2008,38,upperbody strength  ABSOLUTE,1RM,strength,strength,strength,2,R&Ae&D,14.00,31.5,11.7,14.00,29.5,11.3,Ae&D,17.00,28.1,11.00,17.00,27.1,11.6,,,,,,
fonzi2008,39,lower body strength  RELATIVE,1RM,strength,strength,strength,2,R&Ae&D,14.00,0.33,0.08,14.00,0.36,0.1,Ae&D,17.00,0.34,0.11,17.00,0.36,0.11,,,,,,
fonzi2008,40,upperbody strength RELATIVE,1RM,strength,strength,strength,2,R&Ae&D,14.00,0.32,0.11,14.00,0.32,0.12,Ae&D,17.00,0.3,0.13,17.00,0.31,0.14,,,,,,
fonzi2008,41,Health related QOL physical functioning,SF36,QOL,QOL physical health,QOL physical health,2,R&Ae&D,15.00,88.7,12.7,15.00,94.7,7.7,Ae&D,18.00,84.3,14.7,18.00,89.00,12.2,,,,,,
fonzi2008,42,Health related QOL role physical,SF36,QOL,QOL physical health,QOL physical health,2,R&Ae&D,15.00,78.3,33.9,15.00,98.3,6.5,Ae&D,18.00,76.2,34.9,18.00,88.1,26.9,,,,,,
fonzi2008,43,Health related QOL social functioning,SF36,QOL,QOL mental health,QOL mental health,2,R&Ae&D,15.00,91.4,17.5,15.00,87.5,21.9,Ae&D,18.00,88.1,16.5,18.00,93.5,13.5,,,,,,
fonzi2008,44,Health related QOL bodily pain,SF36,QOL,QOL physical health,QOL physical health,2,R&Ae&D,15.00,75.6,17.1,15.00,78.1,20.4,Ae&D,18.00,70.00,18.4,18.00,70.00,18.7,,,,,,
fonzi2008,45,Health related QOL mental health,SF36,QOL,QOL mental health,QOL mental health,2,R&Ae&D,15.00,79.7,14.1,15.00,79.2,16.5,Ae&D,18.00,72.4,16.7,18.00,79.2,14.8,,,,,,
fonzi2008,46,Health related QOL role emotional,SF36,QOL,QOL mental health,QOL mental health,2,R&Ae&D,15.00,79.2,36.3,15.00,93.8,25.00,Ae&D,18.00,82.5,30.9,18.00,85.7,32.6,,,,,,
fonzi2008,47,Health related QOL vitality,SF36,QOL,QOL physical health,QOL physical health,2,R&Ae&D,15.00,50.9,22.6,15.00,63.8,20.4,Ae&D,18.00,43.8,22.9,18.00,61.9,17.4,,,,,,
fonzi2008,48,Health related QOL general health,SF36,QOL,QOL physical health,QOL ,2,R&Ae&D,15.00,70.00,21.9,15.00,79.1,12.5,Ae&D,18.00,65.7,17.6,18.00,76.2,16.3,,,,,,
Ghroubi2009,49,strength - shoulder depressors,1RM,strength,strength,strength,2,R&Ae&D,28.00,9.9,1.5,28.00,139788.00,1.5,Ae&D,26.00,8.9,2.6,26.00,10858.00,2.6,0.04,,,,,
Ghroubi2009,50,strength - elbow floors,1RM,strength,strength,strength,2,R&Ae&D,28.00,7.4,3.6,28.00,104488.00,3.6,Ae&D,26.00,8.7,1.4,26.00,10614.00,1.4,0.002,,,,,
Ghroubi2009,51,strength - elbow extensors,1RM,strength,strength,strength,2,R&Ae&D,28.00,6.8,1.4,28.00,96016.00,1.4,Ae&D,26.00,7.4,1.8,26.00,9028.00,1.8,0.04,,,,,
Ghroubi2009,52,strength - gluteus maximus,1RM,strength,strength,strength,2,R&Ae&D,28.00,7.57,2.2,28.00,1068884.00,2.2,Ae&D,26.00,6.7,1.7,26.00,8174.00,1.7,0.02,,,,,
Ghroubi2009,53,strength - gluteus medius,1RM,strength,strength,strength,2,R&Ae&D,28.00,6.00,2.5,28.00,8472.00,2.5,Ae&D,26.00,7.2,2.00,26.00,8784.00,2.00,0.05,,,,,
Ghroubi2009,54,strength - knee extensors,1RM,strength,strength,strength,2,R&Ae&D,28.00,14.6,1.8,28.00,206152.00,1.8,Ae&D,26.00,14.1,1.7,26.00,17202.00,1.7,0.004,,,,,
Ghroubi2009,55,strength - knee flexors,1RM,strength,strength,strength,2,R&Ae&D,28.00,6.9,2.00,28.00,97428.00,2.00,Ae&D,26.00,6.3,1.5,26.00,7686.00,1.5,0.006,,,,,
Ghroubi2009,56,impact of weight on quality of life,IWQL-lite,QOL,QOL physical health,QOL physical health,2,R&Ae&D,28.00,57.48,,28.00,67.85,,Ae&D,26.00,54.97,,26.00,63.36,,,,,,,
Ghroubi2009,57,impact of weight on QOL on physical functioning,IWQL-lite,QOL,QOL physical health,QOL physical health,2,R&Ae&D,28.00,40.31,,28.00,63.24,,Ae&D,26.00,42.87,,26.00,55.21,,,,,,,
Ghroubi2009,58,impact of weight on QOL on self-esteem,IWQL-lite,QOL,QOL mental health,QOL mental health,2,R&Ae&D,28.00,59.75,,28.00,66.33,,Ae&D,26.00,49.77,,26.00,66.61,,,,,,,
Ghroubi2009,59,impact of weight on QOL on sexual life,IWQL-lite,QOL,QOL physical health,QOL physical health,2,R&Ae&D,28.00,60.9,,28.00,71.13,,Ae&D,26.00,62.65,,26.00,66.84,,,,,,,
Ghroubi2009,60,impact of weight on QOL on public distress,IWQL-lite,QOL,QOL mental health,QOL mental health,2,R&Ae&D,28.00,65.73,,28.00,70.08,,Ae&D,26.00,64.84,,26.00,69.47,,,,,,,
Ghroubi2009,61,impact of weight on QOL on work,IWQL-lite,QOL,QOL physical health,QOL physical health,2,R&Ae&D,28.00,61.52,,28.00,68.47,,Ae&D,26.00,54.73,,26.00,58.68,,,,,,,
Ghroubi2009,62,Anxiety,Hospital Anxiety and Depression Questionnaire,anxiety,negative mood,disorders,2,R&Ae&D,28.00,12.00,1.8,28.00,8.3,2.7,Ae&D,26.00,12.34,1.67,26.00,9.92,3.34,,,,,,
Ghroubi2009,63,Depression,Hospital Anxiety and Depression Questionnaire,depression,negative mood,disorders,2,R&Ae&D,28.00,9.4,2.7,28.00,4.9,1.7,Ae&D,26.00,8.8,4.2,26.00,5.6,3.4,,,,,,
Lau2004,64,lower body strength  ABSOLUTE,1R,strength,strength,strength,2,R&D,21.00,0.00,,16.00,89.4,,D,16.00,0.00,,16.00,34.00,,"<,001",,4.31,2,,"convert.t.to.d(4.31, n1=16, n2=16)"
Lau2004,65,upperbody strength  ABSOLUTE,1R,strength,strength,strength,2,R&D,21.00,0.00,,16.00,33.9,,D,16.00,0.00,,16.00,4.31,,"<,001",,4.31,1.573789,,"convert.t.to.d(4.31, n1=16, n2=16)"
Lau2004,66,anxiety,Hospital Anxiety and Depression Questionnaire,anxiety,negative mood,disorders,2,R&D,21.00,6.87,,16.00,5.33,,D,16.00,4.94,,16.00,4.59,,"Wilks labda = .964, F(1,30) = 1.13, p =.295",,,,0.03629939,"convert.f.to.etasq(1.13, 1, 30"
Lau2004,67,depression,Hospital Anxiety and Depression Questionnaire,depression,negative mood,disorders,2,R&D,21.00,4.73,,16.00,6.27,,D,16.00,5.56,,16.00,5.38,,"Wilks labda = .942, F(1.29) = 1.79, p = .192",,,,0.05813576,"convert.f.to.etasq(1.79, 1, 29)"
Levinger2007,68,total strength,1RM,strength,strength,strength,1,R-Hi,15.00,468.8,133.7,15.00,628.1,172.9,No Int-Hi,15.00,535.4,150.8,15.00,530.9,153.5,,,,,,
Levinger2007,69,self perceived physical health,SF36,QOL,QOL physical health,QOL physical health,1,R-Hi,15.00,68.2,17.7,15.00,78.3,10.9,No Int-Hi,15.00,82.9,10.9,15.00,79.1,17.1,,,,,,
Levinger2007,70,self perceived mental health,SF36,QOL,QOL mental health,QOL mental health,1,R-Hi,15.00,73.7,12.8,15.00,80.4,10.7,No Int-Hi,15.00,83.5,11.8,15.00,77.8,18.4,,,,,,
Levinger2009,71,muscle strength,1RM,strength,strength,strength,5,R-male,16.00,6.5,0.2,16.00,6.5,0.2,,,,,,,,,,,,,
Levinger2009,72,muscle strength,1RM,strength,strength,strength,5,R-female,13.00,4.4,0.2,13.00,4.4,0.2,,,,,,,,,,,,,
Levinger2009,73,perceived well being,subjective exercise experience scale,QOL,QOL physical health,QOL ,5,R-male,16.00,20.5,2.9,16.00,21.3,3.6,,,,,,,,,,,,,
Levinger2009,74,perceived well being,subjective exercise experience scale,QOL,QOL physical health,QOL,5,R-female,13.00,19.7,4.00,13.00,21.2,2.9,,,,,,,,,,,,,
Levinger2009,75,Perceived Distress,subjective exercise experience scale,anxiety (stress?),dinegative mood,mood (inverted),5,R-male,16.00,7.1,3.4,16.00,8.2,4.8,,,,,,,,,,,,,
Levinger2009,76,Perceived Distress,subjective exercise experience scale,anxiety (stress?),dinegative mood,mood (inverted),5,R-female,13.00,5.2,2.6,13.00,5.3,2.7,,,,,,,,,,,,,
Levinger2009,77,Fatigue,subjective exercise experience scale,fatigue,negative mood,mood (inverted),5,R-male,16.00,7.1,3.4,16.00,8.2,4.8,,,,,,,,,,,,,
Levinger2009,78,Fatigue,subjective exercise experience scale,fatigue,negative mood,mood (inverted),5,R-female,13.00,7.6,4.1,13.00,8.2,1.00,,,,,,,,,,,,,
Levinger2011,79,total strength,1RM,strength,strength,strength,1,R-Hi,15.00,468.8,133.7,15.00,628.1,172.9,No Int-Hi,15.00,535.4,150.8,15.00,530.9,153.5,,,,,,
Levinger2011,80,depression,cardiac depression scale,depression,negative mood,disorders,1,R-Hi,13.00,82.6,21.3,13.00,67.8,19.5,No Int-Hi,15.00,62.9,17.8,15.00,67.7,28.8,,,,,,
Martins2011,81,lower body strength,chair stand test,strength,strength,strength,3,R,23.00,12.3,2.9,23.00,16.00,2.9,Ae ,24.00,11.9,3.5,24.00,17.9,3.7,,,,,,
Martins2011,82,upperbody strength,arm curl,strength,strength,strength,3,R,23.00,14.00,2.1,23.00,20.2,2.5,Ae ,24.00,15.5,3.2,24.00,20.2,4.2,,,,,,
Martins2011,83,mood state depression,SF - profile of mood states,mood (inverted),negative mood,mood (inverted),3,R,23.00,0.8,1.00,23.00,1.1,0.9,Ae ,24.00,0.8,0.9,24.00,0.7,0.8,,,,,,
Martins2011,84,mood state tension,SF - profile of mood states,mood (inverted),negative mood,mood (inverted),3,R,23.00,1.00,0.8,23.00,1.3,0.8,Ae ,24.00,1.00,0.8,24.00,0.9,0.7,,,,,,
Martins2011,85,mood state fatigue,SF - profile of mood states,mood (inverted),negative mood,mood (inverted),3,R,23.00,1.3,1.00,23.00,1.4,0.9,Ae ,24.00,1.1,1.1,24.00,1.2,0.9,,,,,,
Martins2011,86,mood state vigour,SF - profile of mood states,mood (inverted),positive mood,mood (inverted),3,R,23.00,1.8,0.8,23.00,2.1,1.00,Ae ,24.00,2.1,0.9,24.00,2.00,0.9,,,,,,
Martins2011,87,mood state anger,SF - profile of mood states,mood (inverted),negative mood,mood (inverted),3,R,23.00,0.3,0.4,23.00,0.5,0.5,Ae ,24.00,0.4,0.5,24.00,0.2,0.4,,,,,,
Martins2011,88,mood state confusion,SF - profile of mood states,mood (inverted),negative mood,mood (inverted),3,R,23.00,0.8,1.00,23.00,0.8,0.7,Ae ,24.00,0.8,1.1,24.00,0.7,0.8,,,,,,
Martins2011,89,lower body strength,chair stand test,strength,strength,strength,1,R,23.00,12.3,2.9,23.00,16.00,2.9,No Int,31.00,11.7,4.6,31.00,11.9,5.00,,,,,,
Martins2011,90,upperbody strength,arm curl,strength,strength,strength,1,R,23.00,14.00,2.1,23.00,20.2,2.5,No Int,31.00,14.3,4.2,31.00,14.00,4.9,,,,,,
Martins2011,91,mood state depression,SF - profile of mood states,mood (inverted),negative mood,mood (inverted),1,R,23.00,0.8,1.00,23.00,1.1,0.9,No Int,31.00,1.1,0.8,31.00,1.00,0.8,,,,,,
Martins2011,92,mood state tension,SF - profile of mood states,mood (inverted),negative mood,mood (inverted),1,R,23.00,1.00,0.8,23.00,1.3,0.8,No Int,31.00,1.1,0.9,31.00,1.1,0.7,,,,,,
Martins2011,93,mood state fatigue,SF - profile of mood states,mood (inverted),negative mood,mood (inverted),1,R,23.00,1.3,1.00,23.00,1.4,0.9,No Int,31.00,1.3,1.00,31.00,1.3,0.9,,,,,,
Martins2011,94,mood state vigour,SF - profile of mood states,mood (inverted),positive mood,mood (inverted),1,R,23.00,1.8,0.8,23.00,2.1,1.00,No Int,31.00,1.4,0.7,31.00,1.5,0.8,,,,,,
Martins2011,95,mood state anger,SF - profile of mood states,mood (inverted),negative mood,mood (inverted),1,R,23.00,0.3,0.4,23.00,0.5,0.5,No Int,31.00,0.5,0.7,31.00,0.4,0.5,,,,,,
Martins2011,96,mood state confusion,SF - profile of mood states,mood (inverted),negative mood,mood (inverted),1,R,23.00,0.8,1.00,23.00,0.8,0.7,No Int,31.00,0.6,1.00,31.00,0.9,0.8,,,,,,
Messier2014,97,Muscle strength,1RM,strength,strength,strength,2,R&D,36.00,155.9,38.8,36.00,197.00,54.4,D,71.00,147.4,39.4,71.00,143.8,36.8,,,,,,
Messier2014,98,total body esteem,Mendelson's body esteem scale,self-esteem,self-esteem,self-esteem,2,R&D,36.00,1.5,0.4,36.00,1.8,0.5,D,71.00,1.4,0.5,71.00,1.7,0.6,,,,,,
Messier2014,99,body esteem appearance,Mendelson's body esteem scale,self-esteem,self-esteem,self-esteem,2,R&D,36.00,1.5,0.5,36.00,1.9,0.6,D,71.00,1.5,0.7,71.00,1.8,0.7,,,,,,
Messier2014,100,body esteem attribution,Mendelson's body esteem scale,self-esteem,self-esteem,self-esteem,2,R&D,36.00,2.00,0.5,36.00,2.00,0.5,D,71.00,1.8,0.5,71.00,2.00,0.6,,,,,,
Messier2014,101,body esteem weight,Mendelson's body esteem scale,self-esteem,self-esteem,self-esteem,2,R&D,36.00,0.9,0.4,36.00,1.4,0.6,D,71.00,1.1,0.5,71.00,1.5,0.7,,,,,,
Messier2014,102,self esteem,Rosenberg's self esteem scale,self-esteem,self-esteem,self-esteem,2,R&D,36.00,1.5,0.3,36.00,1.3,0.3,D,71.00,1.6,0.4,71.00,1.5,0.4,,,,,,
Messier2014,103,perceived stress,Cohen's Perceived stress scale,stress,negative mood,stress,2,R&D,36.00,18.00,6.8,36.00,17.2,8.6,D,71.00,18.1,8.6,71.00,17.00,7.5,,,,,,
Messier2014,104,dietary restraint,Three factor eating questionnaire,self-regulation,(dis)inhibition,inhibition,2,R&D,36.00,9.3,3.4,36.00,14.2,4.8,D,71.00,11.4,3.7,71.00,15.00,3.3,,,,,,
Messier2014,105,disinhibition,Three factor eating questionnaire,self-regulation (inverted),(dis)inhibition,inhibition (inverted),2,R&D,36.00,8.7,3.6,36.00,6.8,3.3,D,71.00,8.00,3.3,71.00,7.1,3.1,,,,,,
Messier2014,106,hunger,Three factor eating questionnaire,hunger,(dis)inhibition,inhibition (inverted),2,R&D,36.00,5.4,3.00,36.00,3.9,3.1,D,71.00,5.3,3.2,71.00,4.1,2.8,,,,,,
Messier2014,107,quality of life,Medical Outcomes Study General Health Survey ,QOL,QOL physical health,QOL,2,R&D,36.00,78.1,12.8,36.00,81.5,11.8,D,71.00,81.7,11.4,71.00,82.5,11.9,,,,,,
Messier2014,108,QoL physical functioning,Medical Outcomes Study General Health Survey ,QOL,QOL physical health,QOL physical health,2,R&D,36.00,82.6,21.7,36.00,87.8,16.1,D,71.00,86.00,21.4,71.00,86.3,22.1,,,,,,
Messier2014,109,QoL pain,Medical Outcomes Study General Health Survey ,QOL,QOL physical health,QOL physical health,2,R&D,36.00,56.3,28.8,36.00,54.2,32.7,D,71.00,64.3,28.4,71.00,65.8,26.9,,,,,,
Messier2014,110,QoL social functioning,Medical Outcomes Study General Health Survey ,QOL,QOL mental health,QOL mental health,2,R&D,36.00,92.5,17.5,36.00,96.7,7.6,D,71.00,98.8,4.9,71.00,96.7,15.1,,,,,,
Messier2014,111,QoL role functioning,Medical Outcomes Study General Health Survey ,QOL,QOL mental health,QOL mental health,2,R&D,36.00,91.3,19.4,36.00,93.5,18.8,D,71.00,90.3,21.5,71.00,88.8,23.4,,,,,,
Messier2014,112,QoL mental health,Medical Outcomes Study General Health Survey ,QOL,QOL mental health,QOL mental health,2,R&D,36.00,71.8,15.7,36.00,73.5,15.4,D,71.00,70.6,14.8,71.00,73.8,14.1,,,,,,
Messier2014,113,QoL health perceptions,Medical Outcomes Study General Health Survey ,QOL,QOL physical health,QOL physical health,2,R&D,36.00,74.8,19.2,36.00,82.8,19.5,D,71.00,82.00,16.3,71.00,85.9,12.6,,,,,,
Messier2014,114,confidence to control weight,based onsocial cognitive theory,self-efficacy,self-efficacy,self-efficacy,2,R&D,36.00,2.7,0.5,36.00,2.9,0.5,D,71.00,2.7,0.6,71.00,2.9,0.6,,,,,,
Messier2014,115,benefits of controlling one's weight,-,attitude,outcomes,Outcome expectations,2,R&D,36.00,3.7,0.3,36.00,3.7,0.3,D,71.00,3.6,0.5,71.00,3.6,0.5,,,,,,
Messier2014,116,perceived risks of developing heart diseases,-,attitude,outcomes,Outcome expectations,2,R&D,36.00,2.7,1.00,36.00,2.5,1.00,D,71.00,2.8,0.9,71.00,2.6,0.8,,,,,,
Messier2014,117,perceived risks of developing diabetes,-,attitude,outcomes,Outcome expectations,2,R&D,36.00,2.7,1.00,36.00,2.6,1.00,D,71.00,2.6,0.9,71.00,2.3,1.00,,,,,,
Plotnikoff2010,118,lowerbody strength,1RM,strength,strength,strength,1,R,27.00,128.1,86.00,27.00,175.00,141.5,No Int,21.00,99.5,61.5,21.00,93.8,63.4,,,,,,
Plotnikoff2010,119,upperbody strength,1RM,strength,strength,strength,1,R,27.00,46.2,21.8,27.00,55.5,26.3,No Int,21.00,44.9,15.8,21.00,44.8,15.9,,,,,,
Plotnikoff2010,120,upright row strength,1RM,strength,strength,strength,1,R,27.00,55.8,21.00,27.00,69.8,27.8,No Int,21.00,55.1,19.4,21.00,56.6,20.6,,,,,,
Plotnikoff2010,121,task self efficacy regarding one's confidence to weight train 1x/ 3x per week,-,self-efficacy,self-efficacy,self-efficacy,1,R,27.00,79.9,24.4,27.00,71.2,35.4,No Int,21.00,72.4,30.4,21.00,53.00,34.7,,,,,,
Plotnikoff2010,122,schedule selrf efficacy overcoming obstacles preventing regular weight training sessions,-,self-efficacy,self-efficacy,self-efficacy,1,R,27.00,74.2,26.00,27.00,62.6,34.7,No Int,21.00,64.3,30.2,21.00,37.1,29.3,,,,,,
Plotnikoff2010,123,barrier self-efficacy - confidence in weight training 3x/week under various circumstances,-,self-efficacy,self-efficacy,self-efficacy,1,R,27.00,3.7,1.00,27.00,3.4,1.3,No Int,21.00,3.5,0.9,21.00,2.7,1.00,,,,,,
Plotnikoff2010,124,intention 1: plan if something keeps from training,-,coping planning,intention,self-efficacy,1,R,27.00,2.1,1.2,27.00,2.6,1.2,No Int,21.00,1.9,0.9,21.00,1.8,0.9,,,,,,
Plotnikoff2010,125,intention 2: plan for challenging situations,-,coping planning,intention,self-efficacy,1,R,27.00,2.2,1.2,27.00,2.7,1.1,No Int,21.00,2.1,1.00,21.00,1.9,0.9,,,,,,
Plotnikoff2010,126,Health Related QoL SF-12 physical composite score,SF12,QOL,QOL physical health,QOL physical health,1,R,27.00,42.3,9.4,27.00,42.7,12.7,No Int,21.00,42.9,10.00,21.00,41.2,11.9,,,,,,
Plotnikoff2010,127,Health Related QoL SF-12 mental composite score,SF12,QOL,QOL mental health,QOL mental health,1,R,27.00,49.7,13.7,27.00,51.9,11.6,No Int,21.00,45.3,10.2,21.00,45.2,11.5,,,,,,
Sarsan2006,128,strength - hip abduction,1RM,strength,strength,strength,3,R,20.00,9.77,2.94,20.00,17.72,3.88,Ae  ,20.00,8.17,3.48,20.00,13.47,3.19,,,,,,
Sarsan2006,129,strength - quadriceps,1RM,strength,strength,strength,3,R,20.00,18.75,7.58,20.00,32.75,9.25,Ae  ,20.00,17.9,3.74,20.00,27.00,5.23,,,,,,
Sarsan2006,130,strength - biceps,1RM,strength,strength,strength,3,R,20.00,18.00,4.1,20.00,21.37,4.09,Ae  ,20.00,17.65,2.49,20.00,19.25,2.93,,,,,,
Sarsan2006,131,strength - triceps,1RM,strength,strength,strength,3,R,20.00,18.3,3.75,20.00,23.7,4.78,Ae  ,20.00,19.5,2.76,20.00,22.5,3.44,,,,,,
Sarsan2006,132,strength -abdominal,1RM,strength,strength,strength,3,R,20.00,15.25,5.25,20.00,25.85,4.94,Ae  ,20.00,15.00,5.84,20.00,22.1,4.38,,,,,,
Sarsan2006,133,strength - pectoral,1RM,strength,strength,strength,3,R,20.00,14.75,4.72,20.00,23.5,6.5,Ae  ,20.00,15.25,5.72,20.00,21.75,4.37,,,,,,
Sarsan2006,134,depression score,Beck Depression Inventory,depression,negative mood,disorders,3,R,20.00,13.95,7.27,20.00,10.8,7.04,Ae  ,20.00,12.2,5.14,20.00,6.8,3.88,,,,,,
Sarsan2006,135,strength - hip abduction,1RM,strength,strength,strength,1,R,20.00,9.77,2.94,20.00,17.72,3.88,No Int,20.00,10.12,4.47,20.00,9.47,3.66,,,,,,
Sarsan2006,136,strength - quadriceps,1RM,strength,strength,strength,1,R,20.00,18.75,7.58,20.00,32.75,9.25,No Int,20.00,18.25,5.44,20.00,19.35,4.92,,,,,,
Sarsan2006,137,strength - biceps,1RM,strength,strength,strength,1,R,20.00,18.00,4.1,20.00,21.37,4.09,No Int,20.00,16.25,3.93,20.00,16.5,2.85,,,,,,
Sarsan2006,138,strength - triceps,1RM,strength,strength,strength,1,R,20.00,18.3,3.75,20.00,23.7,4.78,No Int,20.00,18.75,2.75,20.00,18.27,2.3,,,,,,
Sarsan2006,139,strength -abdominal,1RM,strength,strength,strength,1,R,20.00,15.25,5.25,20.00,25.85,4.94,No Int,20.00,15.5,3.59,20.00,16.5,4.61,,,,,,
Sarsan2006,140,strength - pectoral,1RM,strength,strength,strength,1,R,20.00,14.75,4.72,20.00,23.5,6.5,No Int,20.00,16.00,6.4,20.00,16.00,5.52,,,,,,
Sarsan2006,141,depression score,Beck Depression Inventory,depression,negative mood,disorders,1,R,20.00,13.95,7.27,20.00,10.8,7.04,No Int,20.00,14.85,9.25,20.00,15.85,8.73,,,,,,
Schranz2014,142, lower body strength,1RM,strength,strength,strength,1,R,30.00,230.1,66.2,26.00,385.00,111.4,No Int,26.00,221.9,84.3,23.00,317.5,91.9,postmeasure at 6m (and not 12m follow up!),,,,,
Schranz2014,143,upperbody strength,1RM,strength,strength,strength,1,R,30.00,43.8,12.7,26.00,64.7,16.9,No Int,26.00,46.00,15.2,23.00,53.5,17.4,postmeasure at 6m (and not 12m follow up!),,,,,
Schranz2014,144,exercise self efficacy - confience that they could exercise facing different situations,exercise self-efficacy questionnaire,self-efficacy,self-efficacy,self-efficacy,1,R,30.00,3.11,0.7,26.00,3.57,0.64,No Int,26.00,3.19,0.66,23.00,2.99,0.77,postmeasure at 6m (and not 12m follow up!),,,,,
Schranz2014,145,RT beliefs,RT self-efficacy and outcome expectancy questionnaire,attitude,outcomes,Outcome expectations,1,R,30.00,4.09,0.42,26.00,4.12,0.57,No Int,26.00,4.11,0.35,23.00,4.19,0.37,postmeasure at 6m (and not 12m follow up!),,,,,
Schranz2014,146,RT confidence,RT self-efficacy and outcome expectancy questionnaire,self-efficacy,self-efficacy,self-efficacy,1,R,30.00,3.71,0.57,26.00,4.14,0.5,No Int,26.00,3.57,0.45,23.00,3.6,0.66,postmeasure at 6m (and not 12m follow up!),,,,,
Schranz2014,147,Physical self-worth,physical self worth scale,self-esteem,self-esteem,self-esteem,1,R,30.00,2.05,0.53,26.00,2.51,0.66,No Int,26.00,2.15,0.54,23.00,2.29,0.57,postmeasure at 6m (and not 12m follow up!),,,,,
Schranz2014,148,gobal self-esteem,self-perception profile for adolescents ,self-esteem,self-esteem,self-esteem,1,R,30.00,2.63,0.56,26.00,2.9,0.54,No Int,26.00,2.45,0.55,23.00,2.43,0.55,postmeasure at 6m (and not 12m follow up!),,,,,
Wadden1997,149,no strength measure,-,strength,strength,strength,2,R&D,,,,,,,D,,,,,,,only pre-post measures for total combined group are displayed (no differences between groups),no data available,,,,
Wadden1997,150,hunger,vas-scales,hunger,(dis)inhibition,inhibition (inverted),2,R&D,23.00,,,,,,D,24.00,,,,,,only pre-post measures for total combined group are displayed (no differences between groups),no data available,,,,
Wadden1997,151,satiety,vas-scales,hunger (inverted),(dis)inhibition,inhibition,2,R&D,23.00,,,,,,D,24.00,,,,,,only pre-post measures for total combined group are displayed (no differences between groups),no data available,,,,
Wadden1997,152,preoccupation with eating,vas-scales,hunger,(dis)inhibition,inhibition (inverted),2,R&D,23.00,,,,,,D,24.00,,,,,,only pre-post measures for total combined group are displayed (no differences between groups),no data available,,,,
Wadden1997,153,intensity of food cravings,vas-scales,hunger,(dis)inhibition,inhibition (inverted),2,R&D,23.00,,,,,,D,24.00,,,,,,only pre-post measures for total combined group are displayed (no differences between groups),no data available,,,,
Wadden1997,154,depression,Beck depression Inventory,depression,negative mood,disorders,2,R&D,23.00,,,,,,D,24.00,,,,,,only pre-post measures for total combined group are displayed (no differences between groups),no data available,,,,
Wadden1997,155,mood state anger,Profile of Mood States,mood (inverted),negative mood,mood (inverted),2,R&D,23.00,,,,,,D,24.00,,,,,,only pre-post measures for total combined group are displayed (no differences between groups),no data available,,,,
Wadden1997,156,mood state confusion,Profile of Mood States,mood (inverted),negative mood,mood (inverted),2,R&D,23.00,,,,,,D,24.00,,,,,,only pre-post measures for total combined group are displayed (no differences between groups),no data available,,,,
Wadden1998,157,mood state depression,Profile of Mood States,mood (inverted),negative mood,mood (inverted),2,R&D,24.00,,,,,,D,25.00,,,,,,only pre-post measures for total combined group are displayed (no differences between groups),no data available,,,,
Wadden1999,158,mood state fatigue,Profile of Mood States,mood (inverted),negative mood,mood (inverted),2,R&D,25.00,,,,,,D,26.00,,,,,,only pre-post measures for total combined group are displayed (no differences between groups),no data available,,,,
Wadden2000,159,mood state tension,Profile of Mood States,mood (inverted),negative mood,mood (inverted),2,R&D,26.00,,,,,,D,27.00,,,,,,only pre-post measures for total combined group are displayed (no differences between groups),no data available,,,,
Wadden2001,160,mood state vigour,Profile of Mood States,mood (inverted),positive mood,mood (inverted),2,R&D,27.00,,,,,,D,28.00,,,,,,only pre-post measures for total combined group are displayed (no differences between groups),no data available,,,,
Wadden1997,161,no strength measure,-,strength,strength,strength,4,R&D,,,,,,,Ae&D,,,,,,,only pre-post measures for total combined group are displayed (no differences between groups),no data available,,,,
Wadden1997,162,hunger,vas-scales,hunger,(dis)inhibition,inhibition (inverted),4,R&D,23.00,,,,,,Ae&D,28.00,,,,,,only pre-post measures for total combined group are displayed (no differences between groups),no data available,,,,
Wadden1997,163,satiety,vas-scales,hunger (inverted),(dis)inhibition,inhibition,4,R&D,23.00,,,,,,Ae&D,28.00,,,,,,only pre-post measures for total combined group are displayed (no differences between groups),no data available,,,,
Wadden1997,164,preoccupation with eating,vas-scales,hunger,(dis)inhibition,inhibition (inverted),4,R&D,23.00,,,,,,Ae&D,28.00,,,,,,only pre-post measures for total combined group are displayed (no differences between groups),no data available,,,,
Wadden1997,165,intensity of food cravings,vas-scales,hunger,(dis)inhibition,inhibition (inverted),4,R&D,23.00,,,,,,Ae&D,28.00,,,,,,only pre-post measures for total combined group are displayed (no differences between groups),no data available,,,,
Wadden1997,166,depression,Beck depression Inventory,depression,negative mood,disorders,4,R&D,23.00,,,,,,Ae&D,28.00,,,,,,only pre-post measures for total combined group are displayed (no differences between groups),no data available,,,,
Wadden1997,167,mood state anger,Profile of Mood States,mood (inverted),negative mood,mood (inverted),4,R&D,23.00,,,,,,Ae&D,28.00,,,,,,only pre-post measures for total combined group are displayed (no differences between groups),no data available,,,,
Wadden1997,168,mood state confusion,Profile of Mood States,mood (inverted),negative mood,mood (inverted),4,R&D,23.00,,,,,,Ae&D,28.00,,,,,,only pre-post measures for total combined group are displayed (no differences between groups),no data available,,,,
Wadden1997,169,mood state depression,Profile of Mood States,mood (inverted),negative mood,mood (inverted),4,R&D,23.00,,,,,,Ae&D,28.00,,,,,,only pre-post measures for total combined group are displayed (no differences between groups),no data available,,,,
Wadden1997,170,mood state fatigue,Profile of Mood States,mood (inverted),negative mood,mood (inverted),4,R&D,23.00,,,,,,Ae&D,28.00,,,,,,only pre-post measures for total combined group are displayed (no differences between groups),no data available,,,,
Wadden1997,171,mood state tension,Profile of Mood States,mood (inverted),negative mood,mood (inverted),4,R&D,23.00,,,,,,Ae&D,28.00,,,,,,only pre-post measures for total combined group are displayed (no differences between groups),no data available,,,,
Wadden1997,172,mood state vigour,Profile of Mood States,mood ,positive mood,mood ,4,R&D,23.00,,,,,,Ae&D,28.00,,,,,,only pre-post measures for total combined group are displayed (no differences between groups),no data available,,,,
Wadden1997,173,no strength measure,-,strength,strength,strength,2,R&Ae&D,,,,,,,Ae&D,,,,,,,only pre-post measures for total combined group are displayed (no differences between groups),no data available,,,,
Wadden1997,174,hunger,vas-scales,hunger,(dis)inhibition,inhibition (inverted),2,R&Ae&D,24.00,,,,,,Ae&D,28.00,,,,,,only pre-post measures for total combined group are displayed (no differences between groups),no data available,,,,
Wadden1997,175,satiety,vas-scales,hunger (inverted),(dis)inhibition,inhibition,2,R&Ae&D,24.00,,,,,,Ae&D,28.00,,,,,,only pre-post measures for total combined group are displayed (no differences between groups),no data available,,,,
Wadden1997,176,preoccupation with eating,vas-scales,hunger,(dis)inhibition,inhibition (inverted),2,R&Ae&D,24.00,,,,,,Ae&D,28.00,,,,,,only pre-post measures for total combined group are displayed (no differences between groups),no data available,,,,
Wadden1997,177,intensity of food cravings,vas-scales,hunger,(dis)inhibition,inhibition (inverted),2,R&Ae&D,24.00,,,,,,Ae&D,28.00,,,,,,only pre-post measures for total combined group are displayed (no differences between groups),no data available,,,,
Wadden1997,178,depression,Beck depression Inventory,depression,negative mood,disorders,2,R&Ae&D,24.00,,,,,,Ae&D,28.00,,,,,,only pre-post measures for total combined group are displayed (no differences between groups),no data available,,,,
Wadden1997,179,mood state anger,Profile of Mood States,mood (inverted),negative mood,mood (inverted),2,R&Ae&D,24.00,,,,,,Ae&D,28.00,,,,,,only pre-post measures for total combined group are displayed (no differences between groups),no data available,,,,
Wadden1997,180,mood state confusion,Profile of Mood States,mood (inverted),negative mood,mood (inverted),2,R&Ae&D,24.00,,,,,,Ae&D,28.00,,,,,,only pre-post measures for total combined group are displayed (no differences between groups),no data available,,,,
Wadden1997,181,mood state depression,Profile of Mood States,mood (inverted),negative mood,mood (inverted),2,R&Ae&D,24.00,,,,,,Ae&D,28.00,,,,,,only pre-post measures for total combined group are displayed (no differences between groups),no data available,,,,
Wadden1997,182,mood state fatigue,Profile of Mood States,mood (inverted),negative mood,mood (inverted),2,R&Ae&D,24.00,,,,,,Ae&D,28.00,,,,,,only pre-post measures for total combined group are displayed (no differences between groups),no data available,,,,
Wadden1997,183,mood state tension,Profile of Mood States,mood (inverted),negative mood,mood (inverted),2,R&Ae&D,24.00,,,,,,Ae&D,28.00,,,,,,only pre-post measures for total combined group are displayed (no differences between groups),no data available,,,,
Wadden1997,184,mood state vigour,Profile of Mood States,mood (inverted),positive mood,mood,2,R&Ae&D,24.00,,,,,,Ae&D,28.00,,,,,,only pre-post measures for total combined group are displayed (no differences between groups),no data available,,,,
Wicker2015,185,lower body strength,number of repetitions on self-selected weight,strength,strength,strength,5,R,10386.00,17.2,11.72,10386.00,29.05,18.02,,,,,,,,,,,,,
Wicker2015,186,upperbody strength,number of repetitions on self-selected weight,strength,strength,strength,5,R,10386.00,13.92,7.73,10386.00,21.5,12.18,,,,,,,,,,,,,
Wicker2015,187,life satisfaction,how staified are you currently with your life in general?,QOL,QOL physical health,QOL,5,R,10386.00,7.08,2.09,10386.00,7.24,2.09,,,,,,,,,,,,,
Wicker2015,188,health satisfaction,how satisfied are you currently with your health?,QOL,QOL physical health,QOL physical health,5,R,10386.00,5.99,2.41,10386.00,6.8,2.18,,,,,,,,,,,,,
Yu2001,189,Grip (ND) - strength,1Rm,strength,strength,strength,2,R&D,41.00,16.8,4.6,41.00,18.5,4.3,D,41.00,15.5,4.2,41.00,16.2,4.1,,,,,,
Yu2001,190,Grip (D) - strength,1RM,strength,strength,strength,2,R&D,41.00,18.00,4.9,41.00,19.8,5.00,D,41.00,17.1,4.3,41.00,17.5,4.4,,,,,,
Yu2001,191,Sit up - strength,?,strength,strength,strength,2,R&D,41.00,14.2,7.9,41.00,17.6,7.6,D,41.00,14.3,7.1,41.00,14.9,7.3,,,,,,
Yu2001,192,Push up - strength,?,strength,strength,strength,2,R&D,41.00,7.5,8.6,41.00,12.00,9.2,D,41.00,8.00,8.4,41.00,11.6,9.9,,,,,,
Yu2001,193,sit and reach - strength,?,strength,strength,strength,2,R&D,41.00,24.2,5.00,41.00,25.2,5.1,D,41.00,24.1,6.2,41.00,23.3,4.9,,,,,,
Yu2001,194,physical self concept health,March's Physical self-descriptive questionnaire,self-esteem,self-esteem,self-esteem,2,R&D,41.00,4.8,1.00,41.00,4.9,1.00,D,41.00,4.7,0.8,41.00,4.8,0.8,,,,,,
Yu2001,195,physical self concept coordination,March's Physical self-descriptive questionnaire,self-esteem,self-esteem,self-esteem,2,R&D,41.00,3.9,1.00,41.00,4.00,1.1,D,41.00,3.7,1.00,41.00,3.5,1.00,,,,,,
Yu2001,196,physical self concept physical activity,March's Physical self-descriptive questionnaire,self-esteem,self-esteem,self-esteem,2,R&D,41.00,3.5,1.00,41.00,3.5,1.00,D,41.00,3.2,0.9,41.00,3.5,0.9,,,,,,
Yu2001,197,physical self concept body fat,March's Physical self-descriptive questionnaire,self-esteem,self-esteem,self-esteem,2,R&D,41.00,2.00,1.00,41.00,2.3,1.1,D,41.00,2.1,0.9,41.00,2.2,0.9,,,,,,
Yu2001,198,physical self concept sports competence,March's Physical self-descriptive questionnaire,self-esteem,self-esteem,self-esteem,2,R&D,41.00,3.3,1.2,41.00,3.5,1.1,D,41.00,3.1,1.3,41.00,3.2,1.2,,,,,,
Yu2001,199,physical self concept appearance,March's Physical self-descriptive questionnaire,self-esteem,self-esteem,self-esteem,2,R&D,41.00,3.00,1.2,41.00,3.3,1.3,D,41.00,3.1,1.00,41.00,3.2,1.1,,,,,,
Yu2001,200,physical self concept strength,March's Physical self-descriptive questionnaire,self-esteem,self-esteem,self-esteem,2,R&D,41.00,4.00,0.9,41.00,4.2,0.9,D,41.00,3.9,0.8,41.00,4.2,0.8,,,,,,
Yu2001,201,physical self concept flexibility,March's Physical self-descriptive questionnaire,self-esteem,self-esteem,self-esteem,2,R&D,41.00,3.8,1.00,41.00,4.1,0.9,D,41.00,3.7,0.9,41.00,3.8,0.9,,,,,,
Yu2001,202,physical self concept endurance,March's Physical self-descriptive questionnaire,self-esteem,self-esteem,self-esteem,2,R&D,41.00,3.1,1.1,41.00,3.4,1.2,D,41.00,3.1,1.1,41.00,2.9,1.1,,,,,,
Yu2001,203,physical self concept global physical self concept,March's Physical self-descriptive questionnaire,self-esteem,self-esteem,self-esteem,2,R&D,41.00,3.3,1.2,41.00,3.6,1.2,D,41.00,3.1,1.2,41.00,3.1,1.1,,,,,,
Yu2001,204,physical self concept global esteem,March's Physical self-descriptive questionnaire,self-esteem,self-esteem,self-esteem,2,R&D,41.00,4.00,1.1,41.00,4.2,1.1,D,41.00,4.1,1.00,41.00,4.3,0.9,,,,,,
Goldfield2015,205,body image  appearance evaluation,multidimensional body-self relations questionnaire,,,QOL,1,R,78.00,2.40,0.88,78.00,2.80,0.88,No Int,75.00,2.50,0.87,75.00,2.70,0.87,,,,,,
Goldfield2015,206,body image  appearance orientation,multidimensional body-self relations questionnaire,,,QOL,1,R,78.00,3.30,0.88,78.00,3.40,0.88,No Int,75.00,3.40,0.87,75.00,3.40,0.87,,,,,,
Goldfield2015,207,body image  body-areas satisfaction,multidimensional body-self relations questionnaire,,,QOL,1,R,78.00,2.70,0.88,78.00,3.10,0.88,No Int,75.00,2.80,0.87,75.00,3.00,0.87,,,,,,
Goldfield2015,208,body image  overweight preoccupation,multidimensional body-self relations questionnaire,,,QOL,1,R,78.00,0.50,0.88,78.00,2.50,0.88,No Int,75.00,2.60,0.87,75.00,2.60,0.87,,,,,,
Goldfield2015,209,body image  appearance evaluation,multidimensional body-self relations questionnaire,,,QOL,2,R+Ae,73.00,2.30,0.85,73.00,2.70,0.85,Ae,72.00,2.40,0.85,72.00,2.70,0.85,,,,,,
Goldfield2015,210,body image  appearance orientation,multidimensional body-self relations questionnaire,,,QOL,2,R+Ae,73.00,3.40,0.85,73.00,3.50,0.85,Ae,72.00,3.40,0.85,72.00,3.40,0.85,,,,,,
Goldfield2015,211,body image  body-areas satisfaction,multidimensional body-self relations questionnaire,,,QOL,2,R+Ae,73.00,2.60,0.85,73.00,3.00,0.85,Ae,72.00,2.60,0.85,72.00,3.00,0.85,,,,,,
Goldfield2015,212,body image  overweight preoccupation,multidimensional body-self relations questionnaire,,,QOL,2,R+Ae,73.00,2.50,0.85,73.00,2.70,0.85,Ae,72.00,2.50,0.85,72.00,2.60,0.85,,,,,,
Goldfield2015,213,body image  appearance evaluation,multidimensional body-self relations questionnaire,,,QOL,3,R,78.00,2.40,0.88,78.00,2.80,0.88,Ae,72.00,2.40,0.85,72.00,2.70,0.85,,,,,,
Goldfield2015,214,body image  appearance orientation,multidimensional body-self relations questionnaire,,,QOL,3,R,78.00,3.30,0.88,78.00,3.40,0.88,Ae,72.00,3.40,0.85,72.00,3.40,0.85,,,,,,
Goldfield2015,215,body image  body-areas satisfaction,multidimensional body-self relations questionnaire,,,QOL,3,R,78.00,2.70,0.88,78.00,3.10,0.88,Ae,72.00,2.60,0.85,72.00,3.00,0.85,,,,,,
Goldfield2015,216,body image  overweight preoccupation,multidimensional body-self relations questionnaire,,,QOL,3,R,78.00,0.50,0.88,78.00,2.50,0.88,Ae,72.00,2.50,0.85,72.00,2.60,0.85,,,,,,
Goldfield2015,217,mood state anger,Brunell Mood Scale,,,mood (inverted),1,R,78.00,4.20,3.53,78.00,2.90,3.53,No Int,75.00,4.90,3.46,75.00,4.30,3.46,,,,,,
Goldfield2015,218,mood state confusion,Brunell Mood Scale,,,mood (inverted),1,R,78.00,3.30,3.53,78.00,2.90,3.53,No Int,75.00,3.30,3.46,75.00,3.30,3.46,,,,,,
Goldfield2015,219,mood state depression,Brunell Mood Scale,,,mood (inverted),1,R,78.00,2.70,2.65,78.00,1.70,2.65,No Int,75.00,2.80,2.60,75.00,2.70,3.46,,,,,,
Goldfield2015,220,mood state fatigue,Brunell Mood Scale,,,mood (inverted),1,R,78.00,7.40,3.53,78.00,7.00,4.42,No Int,75.00,6.60,3.46,75.00,6.60,4.33,,,,,,
Goldfield2015,221,mood state tension,Brunell Mood Scale,,,mood (inverted),1,R,78.00,3.40,3.53,78.00,2.90,3.53,No Int,75.00,3.70,3.46,75.00,3.70,3.46,,,,,,
Goldfield2015,222,mood state vigour,Brunell Mood Scale,,,mood (inverted),1,R,78.00,6.60,2.65,78.00,7.80,4.42,No Int,75.00,7.70,3.46,75.00,7.60,3.46,,,,,,
Goldfield2015,223,mood state anger,Brunell Mood Scale,,,mood (inverted),2,R+Ae,73.00,4.40,3.42,73.00,3.30,3.42,Ae,72.00,4.10,3.39,72.00,3.10,3.39,,,,,,
Goldfield2015,224,mood state confusion,Brunell Mood Scale,,,mood (inverted),2,R+Ae,73.00,3.70,3.42,73.00,3.00,3.42,Ae,72.00,3.40,3.39,72.00,2.60,3.39,,,,,,
Goldfield2015,225,mood state depression,Brunell Mood Scale,,,mood (inverted),2,R+Ae,73.00,2.60,2.56,73.00,2.60,3.42,Ae,72.00,2.50,2.55,72.00,2.10,3.39,,,,,,
Goldfield2015,226,mood state fatigue,Brunell Mood Scale,,,mood (inverted),2,R+Ae,73.00,6.80,4.27,73.00,0.90,4.27,Ae,72.00,6.70,3.39,72.00,5.80,4.24,,,,,,
Goldfield2015,227,mood state tension,Brunell Mood Scale,,,mood (inverted),2,R+Ae,73.00,4.00,3.42,73.00,3.20,3.42,Ae,72.00,3.70,3.39,72.00,3.30,3.39,,,,,,
Goldfield2015,228,mood state vigour,Brunell Mood Scale,,,mood (inverted),2,R+Ae,73.00,7.30,3.42,73.00,8.40,3.42,Ae,72.00,7.40,3.39,72.00,8.80,3.39,,,,,,
Goldfield2015,229,mood state anger,Brunell Mood Scale,,,mood (inverted),3,R,78.00,4.20,3.53,78.00,2.90,3.53,Ae,72.00,4.10,3.39,72.00,3.10,3.39,,,,,,
Goldfield2015,230,mood state confusion,Brunell Mood Scale,,,mood (inverted),3,R,78.00,3.30,3.53,78.00,2.90,3.53,Ae,72.00,3.40,3.39,72.00,2.60,3.39,,,,,,
Goldfield2015,231,mood state depression,Brunell Mood Scale,,,mood (inverted),3,R,78.00,2.70,2.65,78.00,1.70,2.65,Ae,72.00,2.50,2.55,72.00,2.10,3.39,,,,,,
Goldfield2015,232,mood state fatigue,Brunell Mood Scale,,,mood (inverted),3,R,78.00,7.40,3.53,78.00,7.00,4.42,Ae,72.00,6.70,3.39,72.00,5.80,4.24,,,,,,
Goldfield2015,233,mood state tension,Brunell Mood Scale,,,mood (inverted),3,R,78.00,3.40,3.53,78.00,2.90,3.53,Ae,72.00,3.70,3.39,72.00,3.30,3.39,,,,,,
Goldfield2015,234,mood state vigour,Brunell Mood Scale,,,mood (inverted),3,R,78.00,6.60,2.65,78.00,7.80,4.42,Ae,72.00,7.40,3.39,72.00,8.80,3.39,,,,,,
Goldfield2015,235,physical self concept physical activity,physical self-perception profile for children,,,self-esteem,1,R,78.00,13.50,3.53,78.00,15.10,4.42,No Int,78.00,13.50,4.42,78.00,15.00,4.42,,,,,,
Goldfield2015,236,physical self concept physical condition,physical self-perception profile for children,,,self-esteem,1,R,78.00,11.90,3.53,78.00,13.80,3.53,No Int,78.00,11.70,3.53,78.00,13.10,3.53,,,,,,
Goldfield2015,237,body image body satisfaction,physical self-perception profile for children,,,self-esteem,1,R,78.00,9.70,3.53,78.00,11.60,4.42,No Int,78.00,10.20,3.53,78.00,11.20,4.42,,,,,,
Goldfield2015,238,physical self concept physical strength,physical self-perception profile for children,,,self-esteem,1,R,78.00,15.90,3.53,78.00,18.70,4.42,No Int,78.00,16.30,4.42,78.00,17.30,4.42,,,,,,
Goldfield2015,239,physical self-worth,physical self-perception profile for children,,,self-esteem,1,R,78.00,11.30,3.53,78.00,14.10,5.30,No Int,78.00,11.30,3.53,78.00,13.00,4.42,,,,,,
Goldfield2015,240,global self-esteem,physical self-perception profile for children,,,self-esteem,1,R,78.00,15.10,4.42,78.00,17.50,5.30,No Int,78.00,15.40,4.42,78.00,16.30,5.30,,,,,,
Goldfield2015,241,physical self concept physical activity,physical self-perception profile for children,,,self-esteem,2,R+Ae,73.00,12.90,4.27,73.00,14.60,4.27,Ae,73.00,14.00,4.27,73.00,15.50,4.27,,,,,,
Goldfield2015,242,physical self concept physical condition,physical self-perception profile for children,,,self-esteem,2,R+Ae,73.00,11.60,3.42,73.00,14.20,3.42,Ae,73.00,12.10,3.42,73.00,14.20,3.42,,,,,,
Goldfield2015,243,body image body satisfaction,physical self-perception profile for children,,,self-esteem,2,R+Ae,73.00,9.20,3.42,73.00,11.20,4.27,Ae,73.00,9.70,3.42,73.00,10.70,4.27,,,,,,
Goldfield2015,244,physical self concept physical strength,physical self-perception profile for children,,,self-esteem,2,R+Ae,73.00,15.70,4.27,73.00,17.90,4.27,Ae,73.00,16.20,4.27,73.00,17.80,4.27,,,,,,
Goldfield2015,245,physical self-worth,physical self-perception profile for children,,,self-esteem,2,R+Ae,73.00,10.90,3.42,73.00,13.50,4.27,Ae,73.00,11.00,3.42,73.00,13.30,4.27,,,,,,
Goldfield2015,246,global self-esteem,physical self-perception profile for children,,,self-esteem,2,R+Ae,73.00,15.40,4.27,73.00,16.60,5.13,Ae,73.00,15.30,4.27,73.00,17.20,5.13,,,,,,
Goldfield2015,247,physical self concept physical activity,physical self-perception profile for children,,,self-esteem,3,R,78.00,13.50,3.53,78.00,15.10,4.42,Ae,78.00,14.00,4.42,73.00,15.50,4.27,,,,,,
Goldfield2015,248,physical self concept physical condition,physical self-perception profile for children,,,self-esteem,3,R,78.00,11.90,3.53,78.00,13.80,3.53,Ae,78.00,12.10,3.53,73.00,14.20,3.42,,,,,,
Goldfield2015,249,body image body satisfaction,physical self-perception profile for children,,,self-esteem,3,R,78.00,9.70,3.53,78.00,11.60,4.42,Ae,78.00,9.70,3.53,73.00,10.70,4.27,,,,,,
Goldfield2015,250,physical self concept physical strength,physical self-perception profile for children,,,self-esteem,3,R,78.00,15.90,3.53,78.00,18.70,4.42,Ae,78.00,16.20,4.42,73.00,17.80,4.27,,,,,,
Goldfield2015,251,physical self-worth,physical self-perception profile for children,,,self-esteem,3,R,78.00,11.30,3.53,78.00,14.10,5.30,Ae,78.00,11.00,3.53,73.00,13.30,4.27,,,,,,
Goldfield2015,252,global self-esteem,physical self-perception profile for children,,,self-esteem,3,R,78.00,15.10,4.42,78.00,17.50,5.30,Ae,78.00,15.30,4.42,73.00,17.20,5.13,,,,,,
Williams2016,253,outcome expectancy (positive),,,,outcome expectations,5,R-low,64.00,5.60,1.00,64.00,5.40,0.90,,,,,,,,,,,,,
Williams2016,254,outcome expectancy (negative),,,,outcome expectations (inverted),5,R-low,64.00,2.50,1.10,64.00,2.70,1.20,,,,,,,,,,,,,
Williams2016,255,behavioral expectations,based on 12 potential barriers,,,self-efficacy,5,R-low,64.00,70.70,18.70,64.00,58.60,24.10,,,,,,,,,,,,,
Williams2016,256,self-regulation,,,,inhibition,5,R-low,64.00,6.00,0.90,64.00,4.70,1.50,,,,,,,,,,,,,
Williams2016,257,RT strategies,,,,,5,R-low,64.00,6.40,0.80,64.00,5.90,1.30,,,,,,,,,,,,,
Williams2016,258,perceived satisfaction,,,,QOL,5,R-low,64.00,6.30,0.70,64.00,5.40,1.20,,,,,,,,,,,,,
Williams2016,259,behavioral intention,,,,intention,5,R-low,64.00,6.90,0.50,64.00,6.50,1.10,,,,,,,,,,,,,
Williams2016,260,outcome expectancy (positive),,,,outcome expectations,5,R-high,59.00,5.80,0.80,59.00,5.60,0.90,,,,,,,,,,,,,
Williams2016,261,outcome expectancy (negative),,,,outcome expectations (inverted),5,R-high,59.00,2.50,0.90,59.00,2.40,0.90,,,,,,,,,,,,,
Williams2016,262,behavioral expectations,based on 12 potential barriers,,,self-efficacy,5,R-high,59.00,66.20,21.00,59.00,63.20,23.50,,,,,,,,,,,,,
Williams2016,263,self-regulation,,,,inhibition,5,R-high,59.00,5.90,1.00,59.00,5.40,1.30,,,,,,,,,,,,,
Williams2016,264,RT strategies,,,,,5,R-high,59.00,6.50,0.80,59.00,6.10,1.20,,,,,,,,,,,,,
Williams2016,265,perceived satisfaction,,,,QOL,5,R-high,59.00,6.30,0.70,59.00,5.80,1.00,,,,,,,,,,,,,
Williams2016,266,behavioral intention,,,,intention,5,R-high,59.00,6.90,0.30,59.00,6.80,0.60,,,,,,,,,,,,,
